image,prompt,method,mode,base_reward,top1_importance,mean_abs_importance,n_superpixels,deletion_auc,deletion_auc_random,insertion_auc,insertion_auc_random
/gpfs/scratch1/shared/scur0077/datasets/HPDv3/images/577d09f9-e8ac-4c2d-bef1-8be9483e8500.jpg,Monochrome portrait of a woman sitting cross-legged.,lime,black,7.8326,5.8957,1.8457,10,,,,
/gpfs/scratch1/shared/scur0077/datasets/HPDv3/images/06842ff3-606f-4081-9b15-13279dff957a.jpg,"Certainly! Here's a description of the image:

The image features a zebra standing in a field of tall grass interspersed with clusters of bright yellow wildflowers. The zebra is positioned slightly off-center, facing left, with its distinct black and white stripes clearly visible. Its head is angled towards the viewer, providing a clear view of its face and unique stripe pattern.

The backdrop is a grassy plain with rolling hills, typical of a savanna landscape. There's a subtle play of light and shadow across the hills, adding depth to the scene. A light blue sky completes the background, creating a sense of vastness and openness. In the distance, a herd of animals can be faintly seen grazing, which hints to a larger ecosystem beyond the immediate foreground. The overall impression is one of natural beauty and tranquility.",lime,black,9.5891,19.9078,19.9078,1,,,,
/gpfs/scratch1/shared/scur0077/datasets/HPDv3/images/d8403139-182d-477b-9ff9-6bbed132cbb1.jpg,"The image captures a moment of relaxation and connection with nature. A person's hand, adorned with a delicate silver ring on the ring finger and sporting dark blue nail polish, holds a metal cup. The hand and cup are positioned in front of a car window, suggesting a roadside stop. The vehicle's door is visible, and the sleeve of a brown coat or jacket peeks into the frame, adding a touch of autumn aesthetic.

Beyond the car, the background opens up to a vast, open field bathed in warm sunlight. The scene evokes a sense of freedom and tranquility. The depth of field is shallow, drawing focus to the hand and the cup while blurring the background to enhance the feeling of being in nature. The scene is very calming.",lime,black,9.9216,19.5693,3.5462,6,,,,
/gpfs/scratch1/shared/scur0077/datasets/HPDv3/images/66ea2468-6752-4143-bb61-c3f43b901222.jpg,"Here's a description of the image:

The image is a portrait of a small, white fluffy dog, possibly a Pomeranian or a similar breed. The dog is standing on a bright yellow surface, likely a table or platform. It is looking upwards and slightly to the left, with a soft, endearing expression. 

The dog is adorned with a yellow and orange floral collar, which adds a pop of color to its white fur. The lighting is soft and warm, highlighting the texture of the dog's coat and creating a gentle, inviting atmosphere.

The background is slightly blurred, featuring trees and a glimpse of a white painted element, possibly a tree trunk or structure. This blurry background helps to keep the focus primarily on the dog. The overall composition is well-balanced, and the color palette is cheerful and pleasant.",lime,black,6.5966,16.8644,16.8644,1,,,,
/gpfs/scratch1/shared/scur0077/datasets/HPDv3/images/0bf6d055-ff34-4a43-ad4a-11bca4dfaac9.jpg,Smiling young man and woman sitting on a fence.,lime,black,15.0798,12.6888,3.5773,9,,,,
/gpfs/scratch1/shared/scur0077/datasets/HPDv3/images/c4da57ac-f701-49ee-8745-5423e8adcffd.jpg,"The image is a digitally created, stylized representation of a squash or tennis player in action. The backdrop is primarily a textured, vibrant green with scattered dark splatters. A circular green gradient frames the main subject, and curved green lines fade into the black lower portion of the image.

The figure of the player, depicted with a blurry, dynamic effect, is positioned in a lunging pose, her arm extended to hit a yellow ball. She is wearing a blue tank top and a dark skirt with a pair of dark colored shoes with orange trim. The racket appears to be in motion, capturing the force of the swing.

The overall effect is one of speed and energy, with the abstract design lending itself well to the themes of sports and athleticism. The color palette is bold and eye-catching, creating a visually striking image.",lime,black,7.5608,15.0234,2.5381,7,,,,
/gpfs/scratch1/shared/scur0077/datasets/HPDv3/images/74d745bf-142f-4735-b93c-7dbc97f57936.jpg,Illuminated building at night with blurred light trails on the road.,lime,black,12.5353,22.7684,11.4433,2,,,,
/gpfs/scratch1/shared/scur0077/datasets/HPDv3/images/577d09f9-e8ac-4c2d-bef1-8be9483e8500.jpg,Monochrome portrait of a woman sitting cross-legged.,lime,black,7.8326,5.8957,1.8457,10,,,,
/gpfs/scratch1/shared/scur0077/datasets/HPDv3/images/8b8f0909-3d8f-42e6-ada6-c6661e6111ab.jpg,"The image captures a young man walking down a narrow city street, shot from a slightly low angle. He is facing forward but glancing over his left shoulder, engaging the viewer with his gaze. His dark hair is neatly styled.

He is wearing a classic, slightly worn black leather jacket, which reflects the light and adds a rugged edge to his appearance. Below the jacket, he sports denim jeans.

The narrow street is flanked by tall buildings, typical of European city architecture. The buildings are light-colored with detailed facades and tall windows. A row of bicycles parked in a stand can be seen on the left side of the street. The overall tone of the image is urban and stylish.",lime,black,13.9572,5.9986,2.3308,7,,,,
/gpfs/scratch1/shared/scur0077/datasets/HPDv3/images/5582d290-88ec-4887-92af-ec3b344806b3.jpg,"The image is an artistic illustration featuring a surreal and dreamy scene at twilight. A colossal, transparent jellyfish-like creature dominates the sky, its dome a mixture of iridescent colors – soft pinks, purples, and a hint of blue. A tiny crescent moon is nestled within its translucent body. Its long, trailing tentacles extend almost to the ground, painted with swirling strokes of pink and lavender, resembling brushstrokes of a dreamy sky.

Below, a small figure stands on the edge of a rooftop. The individual is silhouetted, suggesting a moment of quiet contemplation. The building structure they stand on has a modern aesthetic with clean lines and large windows. The color palette is dominated by shades of blue and pink, creating a serene and magical atmosphere. Trees and foliage frame the bottom edges and top corners of the image, adding depth and a sense of place. There's a sense of wonder and enchantment conveyed through the unique combination of elements.",lime,black,9.3322,19.5387,9.7811,2,,,,
/gpfs/scratch1/shared/scur0077/datasets/HPDv3/images/18bca469-857b-439a-8d39-dae970b14940.jpg,Smiling blonde woman in white shirt and black skirt.,lime,black,10.866,11.6963,3.7368,8,,,,
/gpfs/scratch1/shared/scur0077/datasets/HPDv3/images/d7b6be10-477a-438d-b08f-b01211685cd6.jpg,"The image features a whimsical and slightly surreal scene. In the foreground, a white husky dog peers out from what appears to be the basket of a hot air balloon. The dog has a friendly, slightly goofy expression with its tongue slightly visible, and its paws rest on the edge of the basket.

Above the dog and filling most of the frame is the brightly colored hot air balloon. It's painted with vertical stripes in a variety of colors including blue, green, yellow, orange, and red. The balloon's shape is stylized and rounded, adding to the playful feel of the image. The underside of the balloon reveals a dark opening, and several wooden supports extend down towards the basket.

The basket itself is made of a coarse, woven material with visible stitching and small holes, giving it a rustic and aged appearance. The background consists of a pale blue sky with wisps of white clouds, providing a soft contrast to the vibrant colors of the balloon. The perspective is from below, looking up at the dog and balloon, enhancing the sense of scale and emphasizing the dog's presence in the scene.",lime,black,9.7163,8.9842,2.5878,6,,,,
/gpfs/scratch1/shared/scur0077/datasets/HPDv3/images/f9aeaa10-eedf-4729-9e3d-1ba0933ce761.jpg,Painting of a woman in a flowing red dress dancing.,lime,black,14.0751,13.3925,2.9118,9,,,,
/gpfs/scratch1/shared/scur0077/datasets/HPDv3/images/002210b7-1c2c-4363-a924-932de2536706.jpg,"The image features a man dressed in a red racing suit against a solid black background. The suit, a vibrant shade of red, has a simple, classic design with long sleeves and pants, accented with white piping details along the collar and shoulder seams. The man is holding a racing helmet in his left hand, the helmet featuring a dark visor and a color scheme of gray, black, and yellow.

The man's expression is somewhat serious, with a slight hint of a smile. His hair is neatly styled back, revealing a clean-cut appearance. He stands confidently, one hand holding the helmet while the other rests on his hip. The lighting in the image is focused and direct, highlighting the texture of the racing suit and the contours of the man's face, adding a sense of drama to the portrait. The overall composition is clean and straightforward, placing the focus entirely on the subject and his racing attire.",lime,black,12.6817,8.5734,2.5135,7,,,,
/gpfs/scratch1/shared/scur0077/datasets/HPDv3/images/fc641478-f5d3-422b-b1c6-ba2bfff282da.jpg,Sunlit birch trees stand out in a dark forest.,lime,black,11.9359,22.177,22.177,1,,,,
/gpfs/scratch1/shared/scur0077/datasets/HPDv3/images/cc2fbd21-454b-4306-9990-713ed6b631cc.jpg,"Captured in a high-angle medium shot, a young man perches thoughtfully atop a craggy, reddish-brown rock formation. He is turned towards the left side of the frame, gazing into the distance with a contemplative expression.

The man is dressed in a casual, modern style. A dark-colored baseball cap sits atop his head, casting a shadow over his face. A black hood is pulled up, partially obscuring his features. He wears a dark olive-green jacket adorned with a circular patch on the left breast and stylized orange detailing on the sleeves. His legs are clad in grey trousers, and light grey sneakers complete his outfit.

The background is a simple, clear sky, softly transitioning from a deeper hue at the horizon to a pale, muted color overhead. The minimalist backdrop allows the man and the rock formation to become the focal point of the image. The overall lighting is soft and even, suggesting either an overcast day or a time near sunrise or sunset. The scene evokes a sense of solitude and reflection.",lime,black,11.4776,7.9939,1.4611,9,,,,
/gpfs/scratch1/shared/scur0077/datasets/HPDv3/images/8d11ee8a-67fc-410b-bd98-e1910ec4abf7.jpg,"The photograph showcases an elegantly dressed elderly couple, their foreheads gently touching, hands clasped in what appears to be a tender moment of shared affection. The man, with his distinguished white hair and beard, is clad in a classic, long, grey plaid coat. He is also wearing brown leather gloves. The woman, her similarly silver hair styled in soft waves, is wearing a refined, cream-colored coat with a matching belt.

In the background, a vintage orange car with a white roof adds a touch of nostalgia to the scene. The muted colors and soft focus give the image a timeless quality, reminiscent of a bygone era. The setting seems to be an outdoor location, possibly a park or a quiet street, with trees in the background hinting at a crisp, autumnal day. The overall mood of the photograph is one of enduring love and companionship, captured in a moment of quiet intimacy.",lime,black,14.4149,6.4856,3.5434,6,,,,
/gpfs/scratch1/shared/scur0077/datasets/HPDv3/images/9a1a949a-5f93-42a1-bf0c-64300f7f0a86.jpg,"The image presents a close-up, dramatic portrait of a young man with a vintage and slightly mysterious air. He is adorned with a black fedora, casting a shadow over his brow. Rectangular spectacles frame his eyes, adding an intellectual touch to his overall appearance.

Wisps of smoke curl from his mouth, partially obscuring his face and adding an element of intrigue. The smoke is illuminated by a reddish glow in the background, creating a visually striking contrast against the dark background.

He is dressed in a dark gray blazer over a partially unbuttoned white shirt, lending him a casual yet sophisticated style. His curly hair peeks out from under the hat, softening the edges of the more structured attire. His facial hair is neatly groomed, accentuating his features.

The lighting is predominantly dark, with a strong spotlight focusing on the man's face and upper body. This stark contrast emphasizes the dramatic mood of the image. The red hue cast on the smoke adds a hint of danger and intrigue to the scene.",lime,black,12.0544,6.9537,3.5756,4,,,,
/gpfs/scratch1/shared/scur0077/datasets/HPDv3/images/dae811d1-e3fc-4ef0-88ed-ba7d2feb4a09.jpg,"The image depicts a detailed stone carving of a lion's head prominently displayed on a light brown, textured wall. The lion’s face, complete with its mane and ears, has been intricately carved and appears to be made from a lighter colored stone, possibly marble or granite, creating a striking contrast against the darker, rougher texture of the wall. Below the lion's head is a long black rectangular box with five small, square nozzles or faucets, each emitting a fine stream of water. The water flows in front of the black box, creating a visually striking effect against the dark background. The overall scene is well-lit, emphasizing the contrast between the lighter-colored lion's head and the darker elements below it.",lime,black,7.5724,17.919,17.919,1,,,,
/gpfs/scratch1/shared/scur0077/datasets/HPDv3/images/d977f847-d4cd-4e65-86e0-baffc12afdc9.jpg,Two barn swallows sit perched on a white wire.,lime,black,14.4634,20.8468,3.1505,9,,,,
/gpfs/scratch1/shared/scur0077/datasets/HPDv3/images/5fcc7c2c-1cb6-4c55-92fc-0aac1759f2ce.jpg,"Man running on a path, wearing a yellow jacket.",lime,black,15.253,8.4115,2.674,9,,,,
/gpfs/scratch1/shared/scur0077/datasets/HPDv3/images/001c2723-5a6c-4d3b-bf89-05070434a67b.jpg,"This image captures the interior of a lavishly decorated building, likely a religious structure such as a church or cathedral. The photo was taken from a low angle, looking upwards, emphasizing the grandeur of the architecture. There is a large circular skylight in the ceiling that allows natural light to flood the space, highlighting the intricate details of the structure. Surrounding the skylight are numerous paintings and murals depicting religious figures, angels, and biblical scenes, adding to the sacred atmosphere. The walls are adorned with elaborate carvings and sculptures, showcasing the craftsmanship and artistry of the era. The overall color palette includes shades of brown, white, blue, and gold, lending an air of solemnity and reverence to the space.",lime,black,10.4855,20.7163,20.7163,1,,,,
/gpfs/scratch1/shared/scur0077/datasets/HPDv3/images/671140d7-c2dd-4786-8fa9-24ca309ac24b.jpg,Close-up of a dark red rose in full bloom.,lime,black,15.649,25.8625,25.8625,1,,,,
/gpfs/scratch1/shared/scur0077/datasets/HPDv3/images/f6d77bd5-30ba-4dd5-9243-e6694b27bc1e.jpg,Women enjoy cocktails and food at a social gathering.,lime,black,14.016,13.479,3.3975,9,,,,
/gpfs/scratch1/shared/scur0077/datasets/HPDv3/images/5e89d09b-ab46-472b-8db9-ba9ba9d0cc6f.jpg,Couple skateboarding on road.,lime,black,10.735,9.6023,2.6692,8,,,,
/gpfs/scratch1/shared/scur0077/datasets/HPDv3/images/73f5615f-8d34-48b5-9951-c9949b61a6d4.jpg,"The image captures a serene moment with a beautiful orange and white cat. It's lying comfortably on a concrete step, basking in what seems like warm sunlight. The cat's eyes are closed, and its expression suggests contentment and relaxation.

The cat's fur is a mix of light orange and white patches, with the white predominantly covering its chest and paws. The background is softly blurred, hinting at an outdoor setting, perhaps a garden or a patio, with lush greenery and a few hints of red. The overall composition of the photo is pleasing, with the cat positioned slightly off-center, drawing the eye to its peaceful pose. The lighting is soft and warm, enhancing the tranquil and cozy atmosphere of the scene.",lime,black,6.1634,16.4317,16.4317,1,,,,
/gpfs/scratch1/shared/scur0077/datasets/HPDv3/images/7d26c82f-262b-429c-a437-2832ff241b93.jpg,A couple having a picnic in a park. Man is laying down taking a picture.,lime,black,14.603,9.0635,3.6353,8,,,,
/gpfs/scratch1/shared/scur0077/datasets/HPDv3/images/4cb1d9fb-94f6-4679-9169-0bbb094fb948.jpg,"The image shows two fit, athletic women taking a break from their workout. They are standing outside, seemingly on a bridge or raised walkway with a city skyline and mountains visible in the background.

The woman on the left is drinking water from a clear bottle, while the other is also holding a bottle. A white towel is draped over her shoulder. She is wearing a purple sports bra and black leggings with a thin blue stripe. The woman on the right is leaning against a concrete barrier, wearing a gray sports bra and black capri leggings. She has a light-colored towel around her neck.

Both women have their hair pulled back, and they are wearing running shoes. The overall tone of the image is bright and energetic, conveying a sense of health, fitness, and friendship.",lime,black,12.1087,3.3219,1.3949,10,,,,
/gpfs/scratch1/shared/scur0077/datasets/HPDv3/images/56130b57-cb89-495a-8ec9-b399c767dcc7.jpg,Smiling woman in black pants sits in a salon chair.,lime,black,13.0864,9.9559,3.1176,9,,,,
/gpfs/scratch1/shared/scur0077/datasets/HPDv3/images/577d09f9-e8ac-4c2d-bef1-8be9483e8500.jpg,Monochrome portrait of a woman sitting cross-legged.,lime,black,7.8326,5.8957,1.8457,10,,,,
/gpfs/scratch1/shared/scur0077/datasets/HPDv3/images/183f3c78-b6d4-41a4-8372-9396b7707c57.jpg,"The photograph presents a close-up, profile view of a black and white cat. The focus is sharp on the cat's face, highlighting the texture of its fur and the details of its eye. 

The cat's fur is predominantly white, with a dense patch of black fur covering the top of its head and surrounding its eye. The contrast between the black and white fur is striking. The fur appears soft and slightly ruffled. The cat has a pink nose.

The cat's eye is a pale yellow color, with a slit pupil that is dilated. The eye is partially obscured by the black fur above it, giving the cat a somewhat mysterious expression. The white background helps to isolate the subject and draw attention to the cat's features. The lighting in the photograph is soft and diffused.",lime,black,9.3026,19.0687,3.4301,6,,,,
/gpfs/scratch1/shared/scur0077/datasets/HPDv3/images/1d641fa8-1fe7-4c06-b7d3-a4b45c092ac4.jpg,Asian woman enjoying tea outside sitting on a beach chair.,lime,black,11.3355,13.0434,2.7532,10,,,,
/gpfs/scratch1/shared/scur0077/datasets/HPDv3/images/9a1a949a-5f93-42a1-bf0c-64300f7f0a86.jpg,"The image presents a close-up, dramatic portrait of a young man with a vintage and slightly mysterious air. He is adorned with a black fedora, casting a shadow over his brow. Rectangular spectacles frame his eyes, adding an intellectual touch to his overall appearance.

Wisps of smoke curl from his mouth, partially obscuring his face and adding an element of intrigue. The smoke is illuminated by a reddish glow in the background, creating a visually striking contrast against the dark background.

He is dressed in a dark gray blazer over a partially unbuttoned white shirt, lending him a casual yet sophisticated style. His curly hair peeks out from under the hat, softening the edges of the more structured attire. His facial hair is neatly groomed, accentuating his features.

The lighting is predominantly dark, with a strong spotlight focusing on the man's face and upper body. This stark contrast emphasizes the dramatic mood of the image. The red hue cast on the smoke adds a hint of danger and intrigue to the scene.",lime,black,12.0544,6.9537,3.5756,4,,,,
/gpfs/scratch1/shared/scur0077/datasets/HPDv3/images/0748f1b0-eb3f-46dc-b349-aeab2eea7a89.jpg,"Certainly! Here is a detailed description of the image:

The image presents a sleek black Mercedes-Benz coupe in a low-angle shot. The car dominates the left side of the frame, showcasing its iconic logo and modern headlight design with a curved LED accent. The rest of the car fades into darkness as the light hits the upper portion of the vehicle.

The setting appears to be outdoors, likely on an empty stretch of road. In the background, a treeline is visible against a dramatic sky. The sky has a mix of yellow, orange, and dark gray tones, suggesting either a sunset or sunrise. The lighting creates a sense of mystery and sophistication, with the car's design enhanced by the contrast between light and shadow. The composition is clean and minimalist, drawing attention to the car's elegance and style.",lime,black,6.3206,16.6417,16.6417,1,,,,
/gpfs/scratch1/shared/scur0077/datasets/HPDv3/images/1c522730-c771-4af0-8cef-33ee894c23ee.jpg,"Sunset illuminates rocks, flowers, and deer in a hilly meadow.",lime,black,12.0952,22.329,4.494,5,,,,
/gpfs/scratch1/shared/scur0077/datasets/HPDv3/images/41003c46-e7cb-4b03-b8e7-689d30905063.jpg,Smiling woman in pink shirt and denim jacket.,lime,black,6.2018,10.7517,3.4581,7,,,,
/gpfs/scratch1/shared/scur0077/datasets/HPDv3/images/5e89d09b-ab46-472b-8db9-ba9ba9d0cc6f.jpg,Couple skateboarding on road.,lime,black,10.735,9.6023,2.6692,8,,,,
/gpfs/scratch1/shared/scur0077/datasets/HPDv3/images/60f602ac-636a-4bb0-af65-7ce424fa77f7.jpg,"The image presents a serene and captivating scene set within a dense forest. A woman, adorned in a striking red gown, sits gracefully amidst the woodland landscape. Her dark hair complements the richness of her dress, and her gaze is directed slightly upwards, as if contemplating the surrounding nature. 

The forest itself is a lush and overgrown environment, with thick trees, moss-covered rocks, and tangled branches creating a sense of wild beauty. The lighting is soft and diffused, lending an ethereal quality to the scene. The deep greens and browns of the forest provide a stark contrast to the woman's bright red dress, making her the focal point of the image. The overall composition evokes a sense of mystery and enchantment, as if the woman is a mythical figure dwelling within the heart of the forest.",lime,black,9.2829,19.5915,6.6818,3,,,,
/gpfs/scratch1/shared/scur0077/datasets/HPDv3/images/cefb4080-7fc4-464e-ba00-f72a2f35be5f.jpg,"The aerial shot presents a serene, winding river bordered by dense green vegetation. The water transitions from a lighter turquoise near the shore to a deeper teal in the center, reflecting sunlight in subtle patterns. A small, bright pink kayak with two occupants is positioned in the middle of the river, adding a vibrant focal point.

On the left bank, a rustic structure with a weathered thatched roof is visible, nestled amongst lush tropical plants, including a prominent palm tree. The right bank is lined with a variety of trees, displaying different shades of green, from bright yellow-greens to deep forest greens, adding texture to the landscape. The overall composition evokes a sense of tranquility and adventure.",lime,black,9.0221,19.2856,19.2856,1,,,,
/gpfs/scratch1/shared/scur0077/datasets/HPDv3/images/014fafe5-d4c0-4d71-844c-51aba24b5012.jpg,"The image captures a scenic view of Berlin, dominated by the iconic Berliner Fernsehturm, or Berlin TV Tower. The tower's distinctive design is emphasized, with its spherical observation deck atop a slender concrete shaft and a striking red and white striped antenna extending upwards.

The tower rises above a cityscape comprised of buildings of varying heights and architectural styles. A long, low-lying building with a green roof is in the foreground, partially obscured by lush greenery. Behind it, a larger building with numerous windows stretches horizontally, hinting at residential or office spaces. The scene is bathed in warm sunlight, casting subtle shadows that add depth and dimension.

The sky is a clear, vibrant blue, dotted with fluffy white clouds that provide a picturesque backdrop to the urban landscape. The composition balances the modern structure of the tower with the more traditional architecture of the surrounding buildings, capturing the unique character of Berlin. The overall impression is one of a bustling city with a rich history and a modern outlook.",lime,black,8.508,15.1292,4.1415,4,,,,
/gpfs/scratch1/shared/scur0077/datasets/HPDv3/images/56130b57-cb89-495a-8ec9-b399c767dcc7.jpg,Smiling woman in black pants sits in a salon chair.,lime,black,13.0864,9.9559,3.1176,9,,,,
/gpfs/scratch1/shared/scur0077/datasets/HPDv3/images/7a09cfa0-66c5-497f-b695-f1a4bd406feb.jpg,"The image captures a whimsical moment with two women standing on a gravel path surrounded by greenery, appearing to be in a park-like setting. Overhead, a tree with lush foliage partially obscures the sky, casting dappled light.

Both women are wearing vibrant, ruffled, strapless mini-dresses of the same hot pink hue. They are both fair-skinned. The woman on the right has short blonde hair and a bright smile, while the woman on the left has her hair pulled back. They wear high heels, adding to their poised and confident stance. 

Above them, a cluster of pink balloons hovers, enhancing the playful and celebratory atmosphere of the scene. The soft focus of the background, combined with the vivid colors, gives the image a dreamy, ethereal quality. The path leads into the distance, adding depth to the composition. The overall impression is joyful and stylish, suggesting a fun event or photoshoot.",lime,black,7.7826,8.216,1.6139,8,,,,
/gpfs/scratch1/shared/scur0077/datasets/HPDv3/images/89b64556-06d7-44a0-a269-82db26d1cfa2.jpg,"A couple hugs affectionately in a bright, modern room.",lime,black,14.8813,11.0158,3.8682,7,,,,
/gpfs/scratch1/shared/scur0077/datasets/HPDv3/images/a57a9e5c-bcf1-4826-bfbb-85ca9cfd50c2.jpg,"Asian man in boxing stance, wearing red gloves and shorts.",lime,black,8.2136,5.4513,1.6295,10,,,,
/gpfs/scratch1/shared/scur0077/datasets/HPDv3/images/6d1e9865-3613-4a4e-8c4b-79855661e193.jpg,"The image captures a romantic scene featuring a couple in a passionate embrace. The woman, with auburn hair and fair skin, is reclining on a lavish cream-colored chaise lounge with intricate gilded details. She is wearing a flowing green gown that cascades around her, with shades of blue shimmering within the fabric. Her expression is serene, her left arm raised and fingers gently splayed, conveying a sense of surrender or quiet anticipation.

The man is positioned behind her, partially undressed with an open white shirt, revealing his bare chest. He is leaning over her, his dark hair neatly styled, his gaze intense and focused on her neck, as if about to kiss her. His hand rests protectively on her hip, suggesting intimacy and desire.

The setting is opulent, hinted at by the luxurious furniture and the scattered red roses around them. The lighting is warm and dramatic, casting shadows and highlighting the contours of their bodies and the details of their clothing. The background is blurred, drawing the viewer's attention to the central figures and the unfolding drama between them.",lime,black,9.1381,7.0217,1.9016,7,,,,
/gpfs/scratch1/shared/scur0077/datasets/HPDv3/images/ae9889bf-6cec-4a4b-871d-6e47899a4005.jpg,Woman squats stylishly before futuristic architecture.,lime,black,8.1683,10.5103,1.9358,10,,,,
/gpfs/scratch1/shared/scur0077/datasets/HPDv3/images/f81c7de4-976a-4419-991f-0db976c0f973.jpg,"Hand touches water, creating magic and light.",lime,black,11.7411,22.0422,11.3576,2,,,,
/gpfs/scratch1/shared/scur0077/datasets/HPDv3/images/6ca521c2-2892-4c2e-b265-c83b8c64c490.jpg,"The image depicts a highly detailed and realistic scene where a soldier is walking away from the camera across a wooden plank bridge. The soldier is dressed in a brown uniform, wearing a brown helmet, and carrying a backpack. In his left hand, he holds a water bottle and a small box, possibly a lunchbox, while in his right hand, he carries a rifle. The bridge, which appears to be made of wooden planks, is surrounded by barbed wire and wooden stakes, indicating that this is a war-torn environment. The ground beneath the bridge is a mixture of earth and sand, and in the background, there are scattered stones and several indistinct human figures. The overall color palette of the image is dominated by shades of brown, beige, and gray, creating an atmosphere that is gloomy and rough.",lime,black,13.8104,7.5479,1.7837,8,,,,
/gpfs/scratch1/shared/scur0077/datasets/HPDv3/images/5690f96f-14af-46cd-beeb-8133eb8fe6fa.jpg,"Captured in a high-angle medium shot, a young man perches thoughtfully atop a craggy, reddish-brown rock formation. He is turned towards the left side of the frame, gazing into the distance with a contemplative expression.

The man is dressed in a casual, modern style. A dark-colored baseball cap sits atop his head, casting a shadow over his face. A black hood is pulled up, partially obscuring his features. He wears a dark olive-green jacket adorned with a circular patch on the left breast and stylized orange detailing on the sleeves. His legs are clad in grey trousers, and light grey sneakers complete his outfit.

The background is a simple, clear sky, softly transitioning from a deeper hue at the horizon to a pale, muted color overhead. The minimalist backdrop allows the man and the rock formation to become the focal point of the image. The overall lighting is soft and even, suggesting either an overcast day or a time near sunrise or sunset. The scene evokes a sense of solitude and reflection.",lime,black,9.8784,6.4189,1.6117,7,,,,
/gpfs/scratch1/shared/scur0077/datasets/HPDv3/images/0ad54dec-e2e9-4060-8a4d-9c3e6812bf12.jpg,Girl in white dress and hat sits in garden.,lime,black,10.4219,8.5997,2.4024,9,,,,
/gpfs/scratch1/shared/scur0077/datasets/HPDv3/images/92415a1a-3cb2-4dc8-a310-a9feeeadeeb2.jpg,"The image is a vintage-style barbershop illustration, reminiscent of classic tattoo designs. At the center is a woman with a determined expression, styled as a retro barber. She sports a blue headscarf and large hoop earrings, with a few tattoos visible on her face. She holds a comb in one hand and a blue hair dryer in the other, suggesting she is mid-styling session.

Her arms are covered in detailed tattoos, adding to the edgy aesthetic. The navy blue shirt she's wearing is adorned with rose patterns. The shirt features the number ""13"" printed on it in a lighter shade of blue. The backdrop is filled with various barbershop and tattoo-related motifs in a teal color, including scissors, straight razors, skulls, roses, and even a spiderweb. The word ""Barbershop"" is written in an elaborate gothic font across the top. A teal border frames the entire image, enhancing the vintage tattoo parlor vibe.",lime,black,12.9644,17.4686,3.5408,6,,,,
/gpfs/scratch1/shared/scur0077/datasets/HPDv3/images/d0f0787a-189d-4c2a-8197-9d3425160675.jpg,Four American football players in uniform stand on the field with a football.,lime,black,11.4659,7.8637,2.2091,10,,,,
/gpfs/scratch1/shared/scur0077/datasets/HPDv3/images/db4f6c51-13e1-4514-a4d6-dcbbe9e36078.jpg,"Certainly, let's describe the image.

The image showcases a close-up of a ""Baby Yoda"" figurine, set against a stark black background. This isolates the figure, drawing the viewer's attention to its details.

The figurine is predominantly a pale greenish-blue, capturing the character's distinctive skin tone. Its large, dark eyes, framed by a subtle pinkish hue, dominate its face, lending an endearing yet slightly quizzical expression. The creature's head is creased with gentle wrinkles, adding depth to its features.

Below the head, the figurine is nestled in what appears to be a tan-colored garment. We can see small, three-fingered hands resting on the fabric, with tiny greenish-blue fingernails. The folds and textures of the garment add dimension and realism to the overall presentation.

The lighting is soft and diffused, highlighting the features without harsh shadows. This allows the figurine's details to be seen clearly, enhancing its cute and whimsical nature. Overall, the image is simple and effective, capturing the charm and appeal of the ""Baby Yoda"" character.",lime,black,12.6367,22.3191,3.7772,6,,,,
/gpfs/scratch1/shared/scur0077/datasets/HPDv3/images/9c35db4f-bb42-49bf-b67d-d3f7ed449935.jpg,Smiling woman in black pants sits in a salon chair.,lime,black,7.77,7.2884,2.4442,8,,,,
/gpfs/scratch1/shared/scur0077/datasets/HPDv3/images/bce06b44-907d-40e1-afc6-4b4516fa3292.jpg,"Certainly! Here's a detailed description of the image:

The image features a young man standing against a solid light purple background. He has dark, curly hair and a neatly trimmed beard and mustache. He is smiling warmly, projecting a friendly and approachable demeanor.

He is wearing a colorful, long-sleeved flannel shirt with a button-down collar. The shirt has a plaid pattern consisting of various colors like yellow, red, blue, and orange. Two breast pockets are visible on the shirt, each with a buttoned flap.

The man is wearing light blue jeans and his hands are casually placed in his pockets. This relaxed pose, combined with his smile, gives off a sense of comfort and ease.

The lighting in the image is soft and even, which highlights the textures and colors of his clothing and his features. Overall, the image is simple and well-composed, drawing focus to the subject and his welcoming expression.",lime,black,10.9326,7.075,2.6733,5,,,,
/gpfs/scratch1/shared/scur0077/datasets/HPDv3/images/bc6d4f34-9e24-465d-8269-257b066fca87.jpg,"The image captures a serene moment with a beautiful orange and white cat. It's lying comfortably on a concrete step, basking in what seems like warm sunlight. The cat's eyes are closed, and its expression suggests contentment and relaxation.

The cat's fur is a mix of light orange and white patches, with the white predominantly covering its chest and paws. The background is softly blurred, hinting at an outdoor setting, perhaps a garden or a patio, with lush greenery and a few hints of red. The overall composition of the photo is pleasing, with the cat positioned slightly off-center, drawing the eye to its peaceful pose. The lighting is soft and warm, enhancing the tranquil and cozy atmosphere of the scene.",lime,black,8.9443,19.222,19.222,1,,,,
/gpfs/scratch1/shared/scur0077/datasets/HPDv3/images/e0644a38-64d1-4827-8d12-83945dd019e9.jpg,"Here's a description of the image:

The image depicts a young woman with striking blue eyes and pastel-colored hair, styled in pigtails with white fluffy accessories, reminiscent of cat ears. Her hair is dyed with shades of blonde, pink, and lavender. She is positioned in what appears to be a retro diner setting, indicated by the presence of blinds and neon lights in the background.

The woman is holding a tall milkshake or sundae glass with both hands, the glass filled with a layered dessert. Her expression is contemplative, as she rests her chin on her fingers and looks directly at the viewer. There are streaks of light across the frame, creating a dreamlike or nostalgic effect. These light streaks, combined with the diner setting and her overall aesthetic, give the image a vintage and whimsical vibe. The lighting is moody, with some areas in shadow. The image has a slightly grainy texture, adding to the retro feel.",lime,black,11.2119,15.9831,4.0757,5,,,,
/gpfs/scratch1/shared/scur0077/datasets/HPDv3/images/647383a5-9fcd-466a-8df7-23817538a994.jpg,"The image captures a moment of pure joy as a young girl runs along a sun-kissed beach. She is barefoot and dressed in a vibrant yellow t-shirt underneath a dark blue denim jumper dress. She is turning towards the camera, holding out one side of her dress as she runs, a wide smile lighting up her face.

The beach has tan-colored sand and is bordered by gentle waves as they meet the shore. In the background, a scenic view unfolds with lush green foliage and mountains lining the coast, partially obscured by a distant haze. The sky above is a bright blue adorned with fluffy white clouds, adding to the overall feeling of a bright, cheerful day at the beach. The sunlight is soft, casting a warm glow on the scene.",lime,black,8.2873,6.3943,1.4344,10,,,,
/gpfs/scratch1/shared/scur0077/datasets/HPDv3/images/ead82a7e-e853-47c3-a47f-11be6f9a1f17.jpg,"The image showcases a delicate, light pink rose in full bloom, positioned as the focal point against a stark white backdrop. The rose's petals are tightly curled at the center, gradually unfurling outwards in a mesmerizing swirl of soft hues. The outer petals exhibit a slightly aged appearance, with a touch of golden browning along the edges, adding character and depth to the flower's beauty. 

To the left of the rose, a cluster of vibrant green leaves provides a natural contrast to the soft pink. The leaves are glossy and reflect light, creating a subtle interplay of shadows and highlights. The background is clean and unadorned, allowing the viewer's attention to be solely drawn to the rose and its surrounding foliage. The overall composition exudes a sense of tranquility and timeless elegance.",lime,black,9.4541,19.7733,6.933,3,,,,
/gpfs/scratch1/shared/scur0077/datasets/HPDv3/images/e0d29681-162b-4b6f-95ca-0a2b1dcbadd2.jpg,Watercolor painting of a window with red flowers.,lime,black,14.1898,24.425,24.425,1,,,,
/gpfs/scratch1/shared/scur0077/datasets/HPDv3/images/a27a1723-e028-4cc2-8a4d-f0414406d889.jpg,"The image showcases a tranquil, picturesque view of a European village nestled amidst rolling hills and lush landscapes. The scene is dominated by a cluster of homes, each topped with characteristic orange-red roofs, a signature of the region.

Dominating the foreground is a sprawling village, its layout seemingly organic and unplanned. Houses of varying sizes and architectural styles are scattered throughout, each one blending in with the surroundings. In the middle of the village stands a tall church. 

Beyond the village, the terrain unfolds into expansive fields and forests, displaying a rich tapestry of autumnal colors. The sky is overcast, with a soft light that casts a gentle glow over the entire landscape. In the distance, layers of hills and valleys fade into a hazy horizon. The overall impression is one of serenity and timeless charm, capturing the essence of rural life in a picturesque European setting.",lime,black,11.7159,21.9439,21.9439,1,,,,
/gpfs/scratch1/shared/scur0077/datasets/HPDv3/images/5ea2567e-209a-4fd3-abc8-ce658dd090ff.jpg,Painted woman walks with flower-filled bicycle on a sun-dappled path.,lime,black,10.2714,19.6072,2.3908,9,,,,
/gpfs/scratch1/shared/scur0077/datasets/HPDv3/images/7908ec90-dd90-43d1-b2eb-3ed11214b0e1.jpg,"The image captures a young couple standing close together in what appears to be a kitchen. The woman, with her long brown hair partially pulled back, is dressed in a light blue top and a white button-down shirt. She is holding up one of her fingers, perhaps showcasing something she has just tasted or touched. Her expression is one of slight amusement, with a hint of a smile.

The man, clad in a light blue shirt and jeans, is looking at her finger with a somewhat comical expression, as if anticipating a taste or sharing her experience. His hand rests possessively on her waist, indicating a close and intimate relationship.

In the foreground, a wooden cutting board is laden with chopped vegetables, including peppers, tomatoes, and green onions, suggesting they are in the midst of preparing a meal together. The kitchen setting, with its light wood cabinets and bright natural light streaming in from a window, creates a warm and inviting atmosphere. The overall impression is one of domesticity, intimacy, and shared enjoyment.",lime,black,12.1097,5.1895,1.8244,8,,,,
/gpfs/scratch1/shared/scur0077/datasets/HPDv3/images/5504eb69-61a4-4710-912b-97ccc2889ea4.jpg,"The image features a young Asian woman in professional attire, walking outdoors with a cup of coffee in hand. She is dressed in a crisp white button-down shirt and gray trousers, a classic and polished look that suggests a business or corporate environment. Her dark hair is styled in loose waves, framing her face and adding a touch of softness to her professional appearance.

The woman is holding a disposable coffee cup in her left hand, while her right hand is casually tucked into her pocket. Her gaze is directed slightly off to the side, as if she's observing something in the distance or contemplating her thoughts. The background consists of modern architecture, with large glass windows and smooth, metallic surfaces, reinforcing the setting as an urban business district. The lighting is soft and natural, creating a clean and professional feel to the image, which likely aims to convey an image of competence and confidence.",lime,black,11.5921,5.1486,1.9486,8,,,,
/gpfs/scratch1/shared/scur0077/datasets/HPDv3/images/0dd86fcb-2321-4e4a-9385-f3ef76c2992e.jpg,Woman with headphones sits cross-legged on an ornate bench.,lime,black,14.0359,8.1439,2.6543,10,,,,
/gpfs/scratch1/shared/scur0077/datasets/HPDv3/images/91d4170f-1114-422d-9525-5156c46de522.jpg,"Climber takes selfie on rocky, foggy mountain peak.",lime,black,14.4863,24.0775,7.0943,4,,,,
/gpfs/scratch1/shared/scur0077/datasets/HPDv3/images/0c217725-5599-4149-b20f-b724c8710eac.jpg,"The image captures a vibrant outdoor scene where a series of colorful umbrellas are hung beneath white netting ropes. The background is a clear blue sky. These umbrellas appear to be made of paper or thin plastic and are arranged in a cascading manner, with each rope supporting multiple umbrellas. The ropes extend diagonally from the upper right corner to the lower left corner of the image, creating a dynamic visual flow. The umbrellas come in a variety of colors including orange, green, red, yellow, and white, adorned with intricate patterns such as dragonflies and flowers. The entire scene is illuminated by a white light strip running diagonally from the upper left corner to the lower right corner, adding a festive and magical atmosphere. Overall, the composition is very eye-catching, with the umbrellas and ropes forming an unforgettable display that draws the viewer's gaze upward.",lime,black,7.9354,18.2344,3.0574,6,,,,
/gpfs/scratch1/shared/scur0077/datasets/HPDv3/images/7c94b234-096a-46fa-883e-7ec852acce25.jpg,"Abstract art featuring swirling blues, purples, and whites with bubble-like textures.",lime,black,14.6976,24.9901,24.9901,1,,,,
/gpfs/scratch1/shared/scur0077/datasets/HPDv3/images/927d556f-78e3-4120-b703-b706deaeaf0b.jpg,"The image is a digitally painted scene of a black and white cat sitting next to a small snowman in a snowy landscape. The cat is the most prominent figure, positioned on the left side of the image. It sports a bright red scarf, contrasting sharply with its black and white fur. The cat has a curious, alert expression with golden yellow eyes.

To the right of the cat is a small, somewhat rudimentary snowman. It is decorated with a light pink scarf. Instead of a carrot nose, it has drawn a line for its nose. Two dots serve as buttons on the body, and small twigs are used as arms. The snowman's head is shaped like a cat's head, with triangular ears.

The background is a blur of white, grey, and brown, suggesting a snowy forest or field. The overall mood of the image is whimsical and peaceful. The soft colors and gentle brushstrokes contribute to a dreamlike, wintery atmosphere.",lime,black,9.1953,19.4017,9.7187,2,,,,
/gpfs/scratch1/shared/scur0077/datasets/HPDv3/images/60f602ac-636a-4bb0-af65-7ce424fa77f7.jpg,"The image presents a serene and captivating scene set within a dense forest. A woman, adorned in a striking red gown, sits gracefully amidst the woodland landscape. Her dark hair complements the richness of her dress, and her gaze is directed slightly upwards, as if contemplating the surrounding nature. 

The forest itself is a lush and overgrown environment, with thick trees, moss-covered rocks, and tangled branches creating a sense of wild beauty. The lighting is soft and diffused, lending an ethereal quality to the scene. The deep greens and browns of the forest provide a stark contrast to the woman's bright red dress, making her the focal point of the image. The overall composition evokes a sense of mystery and enchantment, as if the woman is a mythical figure dwelling within the heart of the forest.",lime,black,9.2829,19.5915,6.6818,3,,,,
/gpfs/scratch1/shared/scur0077/datasets/HPDv3/images/9978f229-a463-4368-855b-18e90ef5408a.jpg,"The image shows a romantic scene in what appears to be Venice, Italy. A couple, a man and a woman, are standing on a bridge, embraced. The woman is leaning against the bridge's stone railing, gazing up at the man. She has curly dark hair and is wearing a fitted red top and black pants. The man is looking down at her, with his arm around her. He has short brown hair and is wearing a blue and white striped shirt and black pants.

Behind them, classic Venetian architecture is visible. There's a tall tower with a green spire, and buildings with terracotta roofs and white facades. A row of old-fashioned lampposts stands near the couple. The lighting in the photo is bright, almost washed out, giving it a dreamy quality. The perspective is from below, looking up at the couple, emphasizing their presence against the backdrop of the city. The steps of the bridge leading up to the couple give the image depth.",lime,black,8.7229,3.5128,0.9846,10,,,,
/gpfs/scratch1/shared/scur0077/datasets/HPDv3/images/eaa351af-965d-4f32-a68d-e4b3486c65f5.jpg,"A large, white stone archway stands tall against a clear blue sky.",lime,black,6.6819,16.893,8.4705,2,,,,
/gpfs/scratch1/shared/scur0077/datasets/HPDv3/images/5e5334ce-7caf-4bc7-b6d9-cbc95b570b42.jpg,"Brown cow lies in a grassy field, another in background.",lime,black,6.4633,16.7433,16.7433,1,,,,
/gpfs/scratch1/shared/scur0077/datasets/HPDv3/images/9b1cb600-c57e-4ce1-84b9-4076d281cd17.jpg,"This charming illustration exudes warmth and holiday spirit. It features two adorable bunny rabbits snuggled close together on a plush, yellow-patterned cushion with green frilled edges. They are engrossed in a book, its pages open to reveal festive illustrations inside. 

The rabbits are dressed in soft, green pajama-like outfits, adding to the cozy atmosphere. A wooden framed window sits behind them, adorned with a red bow and garland, framing a snowy winter scene beyond the glass panes. To the left, a glimpse of a Christmas tree can be seen, decorated with colorful ornaments.

A cozy nook with a bookshelf is visible on the left of the image. A lamp on the shelf sheds a soft, warm glow, enhancing the overall sense of comfort. The walls have a textured, painterly quality, adding depth and character to the scene. The illustration is rich in detail and evokes a feeling of nostalgia and holiday cheer.",lime,black,9.1797,19.3783,3.8971,5,,,,
/gpfs/scratch1/shared/scur0077/datasets/HPDv3/images/a53e4ccc-9c64-4c5c-8ad5-98a3db734a56.jpg,"The image depicts a towering and intricately decorated building with a light brown color that almost appears orange, resembling either a castle or a grand hotel. The structure has multiple floors, each adorned with complex patterns and numerous windows. The windows are framed in dark brown, some of which have white shutters while others are fitted with red curtains. The facade of the building is richly decorated with various shapes and patterns, including circles and squares, adding to its elegant appearance. At the base of the building, there are three garage doors, each topped with a small round window. The background of the scene features a clear blue sky, with a black bird perched on the building, bringing a touch of life to the picture.",lime,black,11.667,21.9131,10.9663,2,,,,
/gpfs/scratch1/shared/scur0077/datasets/HPDv3/images/6d1e9865-3613-4a4e-8c4b-79855661e193.jpg,"The image captures a romantic scene featuring a couple in a passionate embrace. The woman, with auburn hair and fair skin, is reclining on a lavish cream-colored chaise lounge with intricate gilded details. She is wearing a flowing green gown that cascades around her, with shades of blue shimmering within the fabric. Her expression is serene, her left arm raised and fingers gently splayed, conveying a sense of surrender or quiet anticipation.

The man is positioned behind her, partially undressed with an open white shirt, revealing his bare chest. He is leaning over her, his dark hair neatly styled, his gaze intense and focused on her neck, as if about to kiss her. His hand rests protectively on her hip, suggesting intimacy and desire.

The setting is opulent, hinted at by the luxurious furniture and the scattered red roses around them. The lighting is warm and dramatic, casting shadows and highlighting the contours of their bodies and the details of their clothing. The background is blurred, drawing the viewer's attention to the central figures and the unfolding drama between them.",lime,black,9.1381,7.0217,1.9016,7,,,,
/gpfs/scratch1/shared/scur0077/datasets/HPDv3/images/601dfdf2-f160-422a-b173-33215453ad23.jpg,"Woman meditates on a dock over water, reflection visible.",lime,black,4.3605,12.2902,1.9059,9,,,,
/gpfs/scratch1/shared/scur0077/datasets/HPDv3/images/92c51da3-3468-4acc-827a-c72d53cd3356.jpg,"Black bird perches on branch over water, looking left.",lime,black,8.1566,18.1637,2.3294,8,,,,
/gpfs/scratch1/shared/scur0077/datasets/HPDv3/images/023667bc-d0e3-4a5c-a4db-e33fda4961c9.jpg,Black Converse sneakers sit on a rocky beach by the water.,lime,black,11.9514,21.673,3.8499,6,,,,
/gpfs/scratch1/shared/scur0077/datasets/HPDv3/images/f266ed95-e432-420b-9bf9-aaed165aa86a.jpg,Neon palm tree and geometric shapes illuminate a dark space.,lime,black,8.5153,18.7301,3.7656,5,,,,
/gpfs/scratch1/shared/scur0077/datasets/HPDv3/images/14d6bb54-250d-4fb3-b52e-910163a2e0c2.jpg,"The image is a stylized illustration of a woman walking her dog. The overall color palette is predominantly blue and green, giving it a fresh, airy feel. The woman is depicted in motion, with her arm extended, holding a leash connected to a small, dark-colored dog that appears to be trotting eagerly.

She is wearing a red top, a green skirt with a geometric pattern, blue knee socks, and red shoes. Her hair is light brown and falls down her back.

To the right of the woman is a tall, stylized door with the number ""1520"" above it. The door is light blue with darker blue trim. The background features blue and white horizontal stripes, suggesting a building or sky.

Large green leaves are scattered throughout the foreground and background, adding a sense of nature and depth to the illustration. The artistic style is simple, with soft textures.",lime,black,7.6433,8.9965,1.3637,10,,,,
/gpfs/scratch1/shared/scur0077/datasets/HPDv3/images/4ebe4ec3-a838-4880-9b75-18dac8979ceb.jpg,"Snowy forest filled with tall, thin trees.",lime,black,12.3307,22.5372,22.5372,1,,,,
/gpfs/scratch1/shared/scur0077/datasets/HPDv3/images/25e406d3-f458-48c1-a0f4-67864a0bbc93.jpg,"Newlyweds embrace beside a pool, lush foliage behind.",lime,black,10.3956,6.3348,3.057,8,,,,
/gpfs/scratch1/shared/scur0077/datasets/HPDv3/images/7f1e1680-1859-4233-951c-d940443cae0f.jpg,"The painting depicts a detailed watercolor scene featuring a cluster of possible strawberries surrounded by green leaves. The strawberries are rendered in various shades of red, purple, and yellow, while the leaves display hues of green and blue. The painting is placed on a white sheet of paper, which itself rests on a dark brown wooden table. On the left side of the painting, there are four brushes with black handles and gold caps, along with four tubes containing red, green, black, and white paint respectively. Above the painting, three additional tubes of black, purple, and green paint can be seen. On the right side of the image, there is a palette showing a range of colors from green to yellow, red, purple, blue, and pink. On this palette, there is also a photograph of a strawberry painting serving as a reference for the artist.",lime,black,10.2316,20.5074,20.5074,1,,,,
/gpfs/scratch1/shared/scur0077/datasets/HPDv3/images/9f4bb4c7-9ff4-488a-982f-9772cd7a4072.jpg,"The image captures a stunning fireworks display over a body of water at night. The sky is a deep, saturated purple, against which the fireworks burst in a brilliant display of white and pink. The fireworks appear to be of a ""palm"" type, with numerous trails extending outwards and downwards.

In the foreground, the water acts as a mirror, perfectly reflecting the fireworks and creating a symmetrical composition. The reflection is slightly blurred, adding to the ethereal quality of the scene. A bright blue, illuminated flower-shaped object floats on the surface of the water, adding an element of artifice and contrasting with the natural beauty of the fireworks. 

Along the horizon, a line of trees and buildings are illuminated with purple and pink lights, adding depth and context to the scene. To the left, an architectural structure with traditional Chinese-style roofing is faintly visible. The overall effect is one of celebration and wonder, with the combination of natural and artificial elements creating a captivating visual experience.",lime,black,7.8562,18.0704,9.0353,2,,,,
/gpfs/scratch1/shared/scur0077/datasets/HPDv3/images/1a42e12b-dd5f-46b7-ad3f-8e24cac7d3ba.jpg,Black Converse sneakers sit on a rocky beach by the water.,lime,black,10.2988,20.325,5.6384,4,,,,
/gpfs/scratch1/shared/scur0077/datasets/HPDv3/images/3a64ad19-96e8-41df-b88d-18059d40d2d9.jpg,"This is a detailed portrait painting of a young woman from the 17th or 18th century, with a completely black background. The pale-skinned woman has short, curly red hair adorned with a white bow. She has striking blue eyes and a smiling face. She wears a complex blue gown embellished with intricate golden and silver patterns. A white shawl covers her shoulders, and she has a white cravat around her neck. The bodice of her dress features stripes in gold and blue, while the skirt itself is blue and decorated with gold accents. She is wearing a pearl necklace and large, dangling pearl earrings. Her hands are clasped together over her chest, and in her right hand, she holds a white feather. The overall composition and her attire suggest that this may be a formal portrait, possibly of a royal figure.",lime,black,4.046,8.0773,4.5136,3,,,,
/gpfs/scratch1/shared/scur0077/datasets/HPDv3/images/ebc78d2e-a2cd-49fc-a323-c29cb12687b5.jpg,"Sweaty, muscular woman in sports bra stands in gym, hands on hips.",lime,black,15.7044,7.4389,2.8101,8,,,,
/gpfs/scratch1/shared/scur0077/datasets/HPDv3/images/b0f5e1c4-c801-4860-b301-0474e9f45f72.jpg,"In this photo, a woman has her back to the camera and is performing a yoga pose on a gray brick floor. She is wearing a black, short-sleeved lace top and brown ballet flats. Her legs are stretched straight up with her ankles crossed, and her arms are also extended upwards, with her hands placed on her knees. Her brown hair is tied in a ponytail. The background features a geometric, angular wall composed of various shapes including triangles and rectangles, in shades of gray and white. A gray-framed window can be seen in the upper right corner of the image. The overall scene suggests an indoor setting, possibly a studio or modern architecture.",lime,black,6.8907,12.1551,2.2631,6,,,,
/gpfs/scratch1/shared/scur0077/datasets/HPDv3/images/047eb1a3-622f-47b0-8a5e-2bbc003bc3e5.jpg,Couple enjoys wine on balcony under a full moon.,lime,black,9.4912,16.5046,3.3458,7,,,,
/gpfs/scratch1/shared/scur0077/datasets/HPDv3/images/b998a060-f7d0-454c-9d2b-f3f0fc7e4731.jpg,Black and white cat stretches on a tiled patio.,lime,black,7.826,17.3023,2.4889,8,,,,
/gpfs/scratch1/shared/scur0077/datasets/HPDv3/images/07333fd0-370f-4d12-aca6-f9f6902a904f.jpg,"Here's a description of the image:

The image depicts a young woman with striking blue eyes and pastel-colored hair, styled in pigtails with white fluffy accessories, reminiscent of cat ears. Her hair is dyed with shades of blonde, pink, and lavender. She is positioned in what appears to be a retro diner setting, indicated by the presence of blinds and neon lights in the background.

The woman is holding a tall milkshake or sundae glass with both hands, the glass filled with a layered dessert. Her expression is contemplative, as she rests her chin on her fingers and looks directly at the viewer. There are streaks of light across the frame, creating a dreamlike or nostalgic effect. These light streaks, combined with the diner setting and her overall aesthetic, give the image a vintage and whimsical vibe. The lighting is moody, with some areas in shadow. The image has a slightly grainy texture, adding to the retro feel.",lime,black,9.5023,10.4532,2.5463,7,,,,
/gpfs/scratch1/shared/scur0077/datasets/HPDv3/images/38db7466-3aae-453a-ab15-79135194dd8c.jpg,"The image presents a portrait of a smiling young woman against a vibrant blue background. She is fair-skinned with short, neat hair and is positioned in the center of the frame, her body facing forward. Her arms are raised and bent, with her hands resting behind her head, creating a relaxed and casual pose. 

She is wearing a blue and white floral-patterned dress that appears to be made of a light, airy fabric. The dress has short sleeves and a tie at the waist, cinching it slightly. Atop her head, perched on her hair, are a pair of white sunglasses.

Her expression is pleasant and inviting, her teeth showing in a warm smile. She has a wristwatch in a light blue or white colour on her left wrist. The blue backdrop is uniform and bright, providing a stark contrast to the woman and her clothing, which helps to emphasize her as the main subject. The overall impression is fresh, cheerful, and summery.",lime,black,11.125,6.4497,1.8479,8,,,,
/gpfs/scratch1/shared/scur0077/datasets/HPDv3/images/ef87eebb-9ac2-4e38-b8a5-f6977b585e6a.jpg,"The image captures a close-up of a dog's head, viewed from a slightly low angle, imparting a sense of height and stature to the animal. The dog's fur is a blend of light tan and white, particularly noticeable as a stripe down the center of its face. Its eyes, amber in color, are focused upwards and to the left, suggesting it is intently watching something just outside the frame.

The dog's mouth is slightly open, revealing its teeth and pink tongue, which adds a touch of playfulness to its expression. The nose is large and black, with visible texture, giving it a lifelike quality. The ears are floppy and hang down to the sides of its face, contributing to its gentle appearance.

The background is a soft, out-of-focus blend of green grass and dark foliage, indicating that the photo was taken outdoors. This backdrop contrasts with the dog's light fur, making it stand out. The overall lighting of the image is natural, casting soft shadows that define the dog's features and adding depth to the composition.",lime,black,12.4951,22.7048,5.8227,4,,,,
/gpfs/scratch1/shared/scur0077/datasets/HPDv3/images/b99bec61-94e5-41a1-a9f2-e8e276ab2d2b.jpg,"A cozy portrait shows a family: mother, father, and daughter. The daughter hugs her father around the neck while the mother embraces them both. They wear casual sweaters.",lime,black,13.9473,10.8113,4.5595,6,,,,
/gpfs/scratch1/shared/scur0077/datasets/HPDv3/images/2f466312-a836-468a-b761-82fbe190b30a.jpg,A nude-shaped candle burns atop a rustic wooden slice with greenery.,lime,black,12.4594,22.7107,22.7107,1,,,,
/gpfs/scratch1/shared/scur0077/datasets/HPDv3/images/e0d29681-162b-4b6f-95ca-0a2b1dcbadd2.jpg,Watercolor painting of a window with red flowers.,lime,black,14.1898,24.425,24.425,1,,,,
/gpfs/scratch1/shared/scur0077/datasets/HPDv3/images/a0eb9910-c14d-4858-ae93-7aac7e1bda53.jpg,"The image features a young Asian woman in a striking pose, set against a vivid red backdrop. The woman is dressed in a modern, form-fitting red dress with a high collar and a slit on the side. The long sleeves extend to her mid-arm, leaving her shoulders bare. In her hand, she holds a closed red fan, further enhancing the monochromatic color scheme.

Her hair is styled in a long, thick braid that falls over her shoulder, with a traditional decorative hairpin placed near the bun at the top of her head. She has a confident and slightly serious expression, her lips painted a bold red.

The background is adorned with several paper lanterns, some brightly lit and others subtly illuminated. The composition is carefully arranged to draw attention to the woman, with the lanterns adding depth and context to the scene. The overall impression is one of elegance, tradition, and contemporary style, all unified by the bold use of the color red.",lime,black,12.1981,5.3014,1.5512,9,,,,
/gpfs/scratch1/shared/scur0077/datasets/HPDv3/images/3040b049-42e6-44dd-b1b6-7f17b62d4716.jpg,"In a studio portrait, a young professional-looking African-American man and woman are seen against a solid gray background. The man is standing slightly in front of the woman and to the right, holding a tablet in his hands. He is wearing a vertically striped button-up shirt under a black blazer. The woman stands slightly behind him, her arms crossed with her chin resting on her hand in a contemplative pose. She wears a light blue button-up shirt.

The lighting is somewhat dramatic, with light casting shadows that add depth to the image and focus on the subjects. Their expressions are serious and composed, suggesting a sense of professionalism and confidence. The scene is simply staged, drawing all attention to the individuals and their presence. The composition suggests a partnership or team dynamic, reinforcing a polished, professional tone.",lime,black,11.7074,6.8848,1.6628,9,,,,
/gpfs/scratch1/shared/scur0077/datasets/HPDv3/images/ebc78d2e-a2cd-49fc-a323-c29cb12687b5.jpg,"Sweaty, muscular woman in sports bra stands in gym, hands on hips.",lime,black,15.7044,7.4389,2.8101,8,,,,
